item,variant,uom,remarks
"ACETATE","","",""
"ROLL","","",""
"AIR","","",""
"FRESHENER","","Can",""
"ALCOHOL","Ethyl,  1","Gallon",""
"Gallon","","",""
"ALCOHOL","Ethyl,","",""
"500ml","","bottle",""
"BATTERY","dry cell,","",""
"AAA","","Pack","To be sold in blister packs of"
"2pcs","","",""
"BATTERY","dry Cell,  size","",""
"AA","","Pack","To be sold in blister packs of"
"2pcs","","",""
"BINDING AND PUNCHING MACHINE","50mm binding","",""
"capacit","","Unit",""
"BINDING RING/COMB","plastic,","",""
"32mm","","Bundle","To be sold in bundles of"
"10pcs","","",""
"BLADE","for general purpose cutter/utility","",""
"knife","","Tube","To be sold in tubes of"
"10pcs","","",""
"BROOM (Walis Ting-","","",""
"Ting)","","Piece",""
"BROOM","Walis","",""
"Tambo","","Piece",""
"CALCULATOR","","",""
"Compact","","Unit",""
"CARBON FILM","Legal","",""
"Size","","Box","To be sold in boxes of 100"
"sheets","","",""
"CARTOLINA","assorted","",""
"colors","","Pack","To be sold in packs of 20pcs assorted"
"colors","","",""
"CHALK","white","",""
"enamel","","Box","To be sold in boxes of"
"100pcs","","",""
"CLEANER","toilet and","",""
"urinal","","Bottle",""
"CLEANSER","Scouring","",""
"Powder","","Can",""
"CLEARBOOK","","",""
"A4","","Piece",""
"CLEARBOOK","Legal","",""
"size","","Piece",""
"CLIP","","",""
"Backfold","","",""
"","","",""
"19mm","","Box","To be sold in boxes of"
"12pcs","","",""
"CLIP","","",""
"backfold","","",""
"","","",""
"25mm","","Box","To be sold in boxes of"
"12pcs","","",""
"CLIP","","",""
"Backfold","","",""
"","","",""
"32mm","","Box","To be sold in boxes of"
"12pcs","","",""
"CLIP","","",""
"Backfold","","",""
"","","",""
"50mm","","Box","To be sold in boxes of"
"12pcs","","",""
"COMPUTER CONTINUOUS FORM","1 ply,  280mm x","",""
"241mm","","Box",""
"COMPUTER CONTINUOUS FORM","1 ply,  280mm x","",""
"378mm","","Box",""
"COMPUTER MOUSE","","",""
"Wireless","","Unit",""
"CORRECTION","","",""
"TAPE","","Piece",""
"CUTTER/UTILITY KNIFE","for general","",""
"purpose","","Piece",""
"DATA FILE","","BOX",""
"Piece","","",""
"DATA","","",""
"FOLDER","","Piece",""
"DATER","","",""
"STAMP","","Piece",""
"DESKTOP FOR BASIC","","",""
"USERS","","Unit","Per order"
"basis","","",""
"DESKTOP FOR MID-RANGE","","",""
"USERS","","Unit",""
"DETERGENT BAR","","",""
"140g","","PIECE",""
"DETERGENT POWDER","all-","",""
"purpose","","",""
"POUCH","","",""
"DIGITAL VOICE","","",""
"RECORDER","","Unit",""
"DISINFECTANT","","",""
"SPRAY","","Can",""
"DOCUMENT CAMERA","8","",""
"MP","","Unit",""
"DRUM CART","BROTHER DR-3455,","",""
"Black","","Cart",""
"DUST","","",""
"PAN","","Piece",""
"ELECTRIC FAN","Ceiling Mount,  Orbit","",""
"Type","","Unit",""
"ELECTRIC FAN","Industrial,  Ground","",""
"Type","","Unit",""
"ELECTRIC FAN","Stand","",""
"Type","","Unit",""
"ELECTRIC FAN","Wall","",""
"Mount","","Unit",""
"ENVELOPE","Documentary,","",""
"A4","","Box","To be sold in boxes of"
"500pcs","","",""
"ENVELOPE","Documentary,","",""
"Legal","","BOX","To be sold in boxes of"
"500pcs","","",""
"ENVELOPE","Expanding,","",""
"Kraft","","Box","To be sold in boxes of"
"100pcs","","",""
"ENVELOPE","expanding,","",""
"plastic","","Piece",""
"ENVELOPE","","",""
"Mailing","","Box","To be sold in boxes of"
"500pcs","","",""
"ENVELOPE","Mailing with","",""
"Window","","Box","To be sold in boxes of"
"500pcs","","",""
"ENVELOPE","Mailing,","",""
"White","","",""
"ERASER","Felt,","",""
"Blackboard/Whiteboard","","PIECE",""
"ERASER","","",""
"Plastic/Rubber","","Piece",""
"EXTERNAL HARD","","",""
"DRIVE","","Unit",""
"FASTENER","","",""
"metal","","Box","To be sold in boxes of 50"
"sets","","",""
"FILE","","",""
"ORGANIZER","","Piece",""
"FILE TAB DIVIDER","","",""
"A4","","SET","To be sold in sets of 5"
"colors","","",""
"FILE TAB DIVIDER","","",""
"legal","","Set","To be sold in sets of 5"
"colors","","",""
"FIRE EXTINGUISHER","dry","",""
"chemical","","Unit",""
"FLASH DRIVE","64GB","",""
"capacity","","",""
"FLOOR WAX","paste type,","",""
"red","","Can",""
"FOLDER WITH TAB","","",""
"A4","","",""
"FOLDER WITH TAB","","",""
"LEGAL","","",""
"FOLDER","Fancy,","",""
"A4","","Bundle","To be sold in bundles of"
"50pcs","","",""
"FOLDER","L-type,","",""
"A4","","Pack","To be sold in packs of"
"50pcs","","",""
"FOLDER","L-type,","",""
"Legal","","Pack","To be sold in packs of"
"50pcs","","",""
"FOLDER","Morocco with Slide,","",""
"Legal","","Bundle","To be sold in bundles of"
"50pcs","","",""
"FOLDER","","",""
"Pressboard","","Box","To be sold in boxes of"
"100pcs","","",""
"FURNITURE","","",""
"CLEANER","","Can",""
"GLUE","All","",""
"Purpose","","Jar",""
"Glue","All-","",""
"Purpose","","BOTTL",""
"HAND SANITIZER","","",""
"500mL","","Bottle",""
"HAND SOAP","LIQUID,","",""
"500ml","","Bottle",""
"HANDBOOK (RA 9184)","8th","",""
"edition","","",""
"Book","","",""
"INDEX","","",""
"TAB","","Box",""
"Ink Cartridge","Canon CL-811,","",""
"Colored","","Cart",""
"Ink Cartridge","Canon PG-810,","",""
"Black","","Cart",""
"INK CARTRIDGE","EPSON C13T664100 (T6641),","",""
"BLACK","","Cart",""
"INK CARTRIDGE","EPSON C13T664200 (T6642),","",""
"CYAN","","Cart",""
"INK CARTRIDGE","EPSON C13T664300 (T6643),","",""
"MAGENTA","","Cart",""
"INK CARTRIDGE","EPSON C13T664400 (T6644),","",""
"YELLOW","","Cart",""
"INK CARTRIDGE","HP C2P04AA (HP62),","",""
"BLACK","","Cart",""
"INK CARTRIDGE","HP C2P06AA (HP62),  TRI-","",""
"COLOR","","Cart",""
"INK CARTRIDGE","HP CC640WA (HP60),","",""
"BLACK","","Cart",""
"INK CARTRIDGE","HP CC643WA (HP60),  TRI-","",""
"COLOR","","Cart",""
"INK CARTRIDGE","HP CD888AA (HP703),  TRI-","",""
"COLOR","","Cart",""
"INK CARTRIDGE","HP CH561WA (HP61),","",""
"BLACK","","Cart",""
"INK CARTRIDGE","HP CH562WA (HP61),  TRI-","",""
"COLOR","","Cart",""
"INK CARTRIDGE","HP CN045AA (HP950XL),","",""
"BLACK","","Cart",""
"INK CARTRIDGE","HP CN046AA (HP951XL)","",""
"CYAN","","Cart",""
"INK CARTRIDGE","HP CN047AA (HP951XL)","",""
"MAGENTA","","Cart",""
"INK CARTRIDGE","HP CN048AA (HP951XL)","",""
"YELLOW","","Cart",""
"INK CARTRIDGE","HP CN692AA (HP704)","",""
"BLACK","","Cart",""
"INK CARTRIDGE","HP CN693AA (HP704) TRI-","",""
"COLOR","","Cart",""
"INK CARTRIDGE","HP CZ107AA (HP678)","",""
"BLACK","","Cart",""
"INK CARTRIDGE","HP CZ108AA (HP678) TRI-","",""
"COLOR","","Cart",""
"INK CARTRIDGE","HP F6V26AA (HP680) TRI-","",""
"COLOR","","Cart",""
"INK CARTRIDGE","HP F6V27AA (HP680)","",""
"BLACK","","Cart",""
"INK CARTRIDGE","HP L0S51AA (HP955) CYAN","",""
"ORIGINAL","","Cart",""
"INK CARTRIDGE","HP L0S54AA (HP955) MAGENTA","",""
"ORIGINAL","","Cart",""
"INK CARTRIDGE","HP L0S57AA (HP955) YELLOW","",""
"ORIGINAL","","Cart",""
"INK CARTRIDGE","HP L0S60AA (HP955) BLACK","",""
"ORIGINAL","","Cart",""
"INK CARTRIDGE","HP L0S63AA (HP955XL) CYAN","",""
"ORIGINAL","","Cart",""
"INK CARTRIDGE","HP L0S66AA (HP955XL)","",""
"MAGENTA","","Cart",""
"INK CARTRIDGE","HP L0S69AA (HP955XL)","",""
"YELLOW","","Cart",""
"INK CARTRIDGE","HP L0S72AA (HP955XL) BLACK","",""
"ORIGINAL","","Cart",""
"INK CARTRIDGE","HP T6L89AA (HP905) CYAN","",""
"ORIGINAL","","Cart",""
"INK CARTRIDGE","HP T6L93AA (HP905) MAGENTA","",""
"ORIGINAL","","Cart",""
"INK CARTRIDGE","HP T6L97AA (HP905) YELLOW","",""
"ORIGINAL","","Cart",""
"INK CARTRIDGE","HP T6M01AA (HP905) BLACK","",""
"ORIGINAL","","Cart",""
"INSECTICIDE","","Can",""
"LAPTOP","","",""
"LIGHTWEIGHT","","unit","Per order"
"basis","","",""
"LAPTOP","MID-","",""
"RANGE","","unit","Per order"
"basis","","",""
"LIGHT EMITTING DIODE (LED)","Light Bulb,  7","",""
"watts","","Piece",""
"LIGHT EMITTING DIODE (LED)","Linear Tube,  18","",""
"watts","","Piece",""
"MARKER","","",""
"fluorescent","","Set","To be sold in sets of 3"
"colors","","",""
"MARKER","Permanent,","",""
"Black","","Piece",""
"MARKER","Permanent,","",""
"Blue","","Piece",""
"MARKER","Permanent,","",""
"Red","","Piece",""
"MARKER","Whiteboard,","",""
"Black","","Piece",""
"MARKER","Whiteboard,","",""
"Blue","","Piece",""
"MARKER","Whiteboard,","",""
"Red","","Piece",""
"MONOBLOC CHAIR","","",""
"Beige","","Piece",""
"MONOBLOC CHAIR","","",""
"White","","Piece",""
"MOP BUCKET","heavy duty,  hard","",""
"plastic","","Unit",""
"MULTIMEDIA PROJECTOR","4000","",""
"min","","Unit",""
"NOTEPAD","Stick on,  76mm x","",""
"100mm","","",""
"PAD","","",""
"NOTEPAD","Stick-on,  50mm x","",""
"76mm","","",""
"PAD","","",""
"NOTEPAD","Stick-on,  76mm x","",""
"76mm","","",""
"PAD","","",""
"PAD PAPER","","",""
"ruled","","",""
"PAD","","",""
"PAPER CLIP","vinyl/plastic coated,","",""
"33mm","","Box",""
"PAPER CLIP","Vinyl/Plastic Coated,  Jumbo,","",""
"50mm","","Box",""
"PAPER","","",""
"SHREDDER","","",""
"Units","","",""
"PAPER TRIMMER/CUTTING","","",""
"MACHINE","","",""
"PAPER","","",""
"Multi-Purpose","","",""
"","70gsm (min.),","",""
"Legal","","",""
"Ream","","",""
"PAPER","","",""
"Multi-Purpose","","",""
"","","",""
"A4","","",""
"REAM","","",""
"PAPER","MULTICOPY,","",""
"A4","","",""
"REAM","","",""
"PAPER","MULTICOPY,","",""
"Legal","","",""
"REAM","","",""
"PAPER","","",""
"parchment","","Box","To be sold in boxes of 100"
"sheets","","",""
"PENCIL","","",""
"SHARPENER","","piece",""
"PENCIL","Lead/Graphite with","",""
"Eraser","","Box","To be sold in boxes of"
"12pcs","","",""
"PHILIPPINE NATIONAL","","",""
"FLAG","","Piece",""
"PRINTER","impact,  dot matrix,  24 pins,  136","",""
"columns","","Unit",""
"PRINTER","Laser,","",""
"Monochrome","","Unit",""
"PUNCHER","Paper,  Heavy","",""
"Duty","","Piece",""
"RAGS","","Bundle","To be sold in bundles of 32 pieces per"
"kilo","","",""
"RECORD BOOK","300","",""
"pages","","",""
"BOOK","","",""
"RECORD BOOK","500","",""
"pages","","",""
"BOOK","","RIBBON CART, EPSON C13S015516 (#8750),",""
"Black","","Cart",""
"RIBBON CART","EPSON C13S015632,","",""
"Black","","Cart",""
"RIBBON CARTRIDGE","EPSON C13S015531","",""
"(S015086)","","Cart",""
"RUBBER","","",""
"BAND","","Box",""
"RULER","plastic,","",""
"450mm","","Piece",""
"SCISSORS","Symmetrical /","",""
"Asymmetrical","","",""
"Pair","","",""
"SCOURING","","",""
"PAD","","Pack","To be sold in packs of 5"
"pads","","",""
"SIGN PEN","Extra Fine Tip,","",""
"Black","","Piece",""
"SIGN PEN","Extra Fine Tip,","",""
"Blue","","Piece",""
"SIGN PEN","Extra fine tip,","",""
"Red","","Piece",""
"SIGN PEN","Fine Tip,","",""
"Black","","",""
"SIGN PEN","Fine Tip,","",""
"Blue","","",""
"SIGN PEN","Fine Tip,","",""
"Red","","",""
"SIGN PEN","Medium Tip,","",""
"Black","","",""
"SIGN PEN","Medium Tip,","",""
"Blue","","",""
"SIGN PEN","Medium Tip,","",""
"Red","","",""
"STAMP PAD","","",""
"felt","","Piece",""
"STAMP PAD","","",""
"Ink","","Bottle",""
"STAPLE REMOVER","plier","",""
"type","","",""
"STAPLE WIRE","Heavy Duty (Binder Type),","",""
"23/13","","Box",""
"STAPLE WIRE","","",""
"standard","","Box",""
"STAPLER","Heavy Duty","",""
"(Binder)","","Unit",""
"STAPLER","Standard","",""
"Type","","Piece",""
"STENO","","",""
"NOTEBOOK","","",""
"TAPE DISPENSER","Table","",""
"Top","","Unit",""
"TAPE","","",""
"electrical","","",""
"Roll","","",""
"TAPE","Masking,","",""
"24mm","","",""
"Roll","","",""
"TAPE","Masking,","",""
"48mm","","",""
"Roll","","",""
"TAPE","Packaging,","",""
"48mm","","",""
"Roll","","",""
"TAPE","transparent,","",""
"24mm","","",""
"Roll","","",""
"TAPE","Transparent,","",""
"48mm","","",""
"Roll","","",""
"TISSUE","Interfolded Paper","",""
"Towel","","Pack",""
"TOILET TISSUE PAPER","2","",""
"ply","","Pack","To be sold in packs of 12"
"rolls","","TONER CART,",""
"BROTHER TN-2130","","",""
"Black","","Cart",""
"TONER CART","","",""
"BROTHER TN-3320","","",""
"Black","","Cart",""
"TONER CART","","",""
"BROTHER TN-3350","","",""
"Black","","Cart",""
"TONER CART","BROTHER TN-3478,","",""
"Black","","Cart",""
"TONER CART","HP CE400A,","",""
"Black","","Cart",""
"TONER CART","HP CE401A,","",""
"Cyan","","Cart",""
"TONER CART","HP CE402A,","",""
"Yellow","","Cart",""
"TONER CART","HP CE403A,","",""
"Magenta","","Cart",""
"TONER CART","HP Q7553A,","",""
"Black","","Cart",""
"TONER CART","SAMSUNG ML-D2850B,","",""
"Black","","Cart",""
"TONER CART","SAMSUNG MLT-D104S,","",""
"Black","","Cart",""
"TONER CART","SAMSUNG MLT-D108S,","",""
"Black","","Cart",""
"TONER CART","SAMSUNG SCX-D6555A,","",""
"Black","","Cart",""
"Toner Cartridge","Brother TN-456 Black,  High","",""
"Yield","","Cart",""
"Toner Cartridge","Brother TN-456 Cyan,  High","",""
"Yield","","Cart",""
"Toner Cartridge","Brother TN-456 Magenta,","",""
"High","","Cart",""
"Toner Cartridge","Brother TN-456 Yellow,  High","",""
"Yield","","Cart",""
"Toner Cartridge","Canon CRG-324","",""
"II","","Cart",""
"TONER CARTRIDGE","HP CB435A,","",""
"Black","","Cart",""
"TONER CARTRIDGE","HP CE255A,","",""
"Black","","Cart",""
"TONER CARTRIDGE","HP CE278A,","",""
"Black","","Cart",""
"TONER CARTRIDGE","HP CE285A (HP85A),","",""
"Black","","Cart",""
"TONER CARTRIDGE","HP CE310A,","",""
"Black","","Cart",""
"TONER CARTRIDGE","HP CE311A,","",""
"Cyan","","Cart",""
"TONER CARTRIDGE","HP CE312A,","",""
"Yellow","","Cart",""
"TONER CARTRIDGE","HP CE313A,","",""
"Magenta","","Cart",""
"TONER CARTRIDGE","HP CE505A,","",""
"Black","","Cart",""
"TONER CARTRIDGE","HP CF217A (HP17A),","",""
"Black","","Cart",""
"TONER CARTRIDGE","HP CF226A (HP26A),","",""
"Black","","Cart",""
"TONER CARTRIDGE","HP CF281A (HP81A),","",""
"Black","","Cart",""
"TONER CARTRIDGE","HP CF283A (HP83A),","",""
"LaserJet","","Cart",""
"Toner Cartridge","HP CF283XC (HP83X) Blk Contract","",""
"L","","Cart",""
"TONER CARTRIDGE","HP CF287A (HP87),","",""
"Black","","Cart",""
"Toner Cartridge","HP CF325XC (HP25X) Black","",""
"LaserJet","","Cart",""
"TONER CARTRIDGE","HP CF350A,  Black","",""
"LJ","","Cart",""
"TONER CARTRIDGE","HP CF351A,  Cyan","",""
"LJ","","Cart",""
"TONER CARTRIDGE","HP CF352A,  Yellow","",""
"LJ","","Cart",""
"TONER CARTRIDGE","HP CF353A,  Magenta","",""
"LJ","","Cart",""
"TONER CARTRIDGE","HP CF360A (HP508A),","",""
"Black","","Cart",""
"TONER CARTRIDGE","HP CF361A (HP508A),","",""
"Cyan","","Cart",""
"TONER CARTRIDGE","HP CF362A (HP508A),","",""
"Yellow","","Cart",""
"TONER CARTRIDGE","HP CF363A (HP508A),","",""
"Magenta","","Cart",""
"TONER CARTRIDGE","HP CF400A (HP201A),","",""
"Black","","Cart",""
"TONER CARTRIDGE","HP CF401A (HP201A),","",""
"Cyan","","Cart",""
"TONER CARTRIDGE","HP CF402A (HP201A),","",""
"Yellow","","Cart",""
"TONER CARTRIDGE","HP CF403A (HP201A),","",""
"Magenta","","Cart",""
"TONER CARTRIDGE","HP CF410A (HP410A),","",""
"black","","Cart",""
"TONER CARTRIDGE","HP CF411A (HP410A),","",""
"Cyan","","Cart",""
"TONER CARTRIDGE","HP CF412A (HP410A),","",""
"Yellow","","Cart",""
"TONER CARTRIDGE","HP CF413A (HP410A),","",""
"Magenta","","Cart",""
"TONER CARTRIDGE","HP Q2612A,","",""
"Black","","Cart",""
"TRASHBAG","XXL","",""
"size","","Pack","To be sold in packs of"
"10pcs","","",""
"TWINE","","",""
"plastic","","",""
"Roll","","",""
"WASTEBASKET","","Piece",""
"WRAPPING PAPER","","",""
"kraft","","Pack","To be sold in packs of 50"
"sheets","","",""
